0,1,2,3,4,5,6,7,8,9,10,11,12,13,14,15,16,17,18,19,20,21,22,23,24,25,26,27,28,29,30,31,32,33,34,35,36,37,38,39,40,41,42,43,44,45,46,47,48,49,50,51,52,53,54,55,56,57,58,59,60,61,62,63,64,65,66,67,68,69,70,71,72,73,74,75,76,77,78,79,80,81,82,83,84,85,86,87,88,89,90,91,92,93,94,95,96,97,98,99,Row_Sum
74,23,56,33,8,83,82,73,5,13,57,34,77,100,6,10,51,69,88,36,73,48,35,100,61,80,38,37,53,21,2,74,36,71,46,92,64,37,15,79,7,14,13,74,16,89,10,97,47,97,25,81,100,39,7,91,48,24,37,59,46,42,28,84,78,57,56,40,15,37,73,68,67,58,26,26,93,62,2,75,95,24,48,30,15,90,17,22,97,10,20,40,78,69,48,21,39,47,51,93,5002
28,77,11,70,92,93,60,25,11,38,34,60,14,87,6,57,38,32,3,7,50,82,88,72,17,44,44,25,60,14,40,37,13,96,69,61,65,43,17,93,76,62,97,2,47,31,89,47,3,98,14,22,32,44,31,60,6,75,6,28,61,16,95,33,54,28,29,41,97,97,23,14,58,27,83,62,5,46,29,95,14,62,46,68,20,2,84,68,19,19,9,69,1,57,39,94,100,96,37,18,4658
80,48,8,60,44,55,87,23,90,44,28,11,90,11,64,33,27,80,91,52,71,39,16,54,92,39,93,17,89,14,28,75,57,16,59,48,85,71,87,52,75,79,50,15,13,52,45,80,79,81,91,99,50,80,73,37,80,7,18,32,9,27,69,84,19,51,49,13,48,30,16,81,16,1,34,26,2,15,66,85,16,85,81,24,25,68,82,81,38,5,80,76,19,49,87,24,52,41,91,88,5117
77,16,60,24,35,1,75,58,35,68,76,92,88,73,69,56,73,58,53,11,94,10,7,62,15,96,98,16,15,20,13,99,37,6,68,95,1,91,47,49,9,31,91,75,82,40,66,86,2,25,83,76,40,66,22,12,29,85,87,17,63,12,34,100,14,30,94,67,21,93,57,95,48,100,80,36,59,64,85,56,83,93,93,53,89,66,73,84,60,50,40,42,96,57,36,55,36,32,82,18,5507
26,32,57,29,64,15,50,4,93,67,48,41,83,41,97,18,89,87,75,44,62,5,43,81,49,11,71,20,15,17,27,1,30,76,10,58,39,26,27,47,2,82,31,70,19,10,47,80,26,18,91,29,30,21,55,8,32,80,87,81,32,40,82,37,18,35,56,72,40,33,99,13,77,81,85,17,17,78,54,56,89,52,86,66,23,61,37,54,15,25,24,40,97,79,7,25,81,90,54,43,4744
51,33,15,1,1,28,92,28,48,60,29,34,81,85,84,68,54,64,37,41,35,22,6,2,80,22,72,58,12,16,53,16,32,31,14,98,14,62,14,37,40,12,69,2,9,28,44,81,10,77,2,20,21,98,11,96,34,72,14,65,79,6,26,77,97,9,37,7,71,66,50,32,75,28,51,93,62,34,10,63,78,53,78,71,9,9,75,97,89,88,24,77,23,42,85,78,58,25,83,75,4625
56,61,52,85,37,85,61,79,35,17,20,15,76,47,13,4,21,34,51,31,52,17,34,68,6,35,3,74,41,35,83,74,28,72,63,69,16,78,37,100,91,78,48,82,86,46,12,78,7,74,55,80,90,62,97,77,54,30,57,91,19,33,84,89,10,6,8,71,65,24,18,81,13,97,9,49,92,25,96,95,2,23,11,63,66,25,34,95,12,56,24,27,99,25,35,11,66,85,50,20,4973
65,95,51,78,82,45,87,66,38,48,100,48,42,45,48,24,54,51,96,28,8,24,4,41,60,89,84,23,34,28,100,59,37,53,8,77,20,90,64,40,12,12,51,51,74,38,2,83,99,7,64,31,65,6,65,2,32,23,50,29,36,32,6,97,49,20,61,87,82,50,28,21,73,87,74,19,22,59,34,24,63,22,45,51,34,78,3,65,98,85,82,63,32,37,78,54,70,88,93,76,5108
27,14,11,60,6,77,39,9,18,45,88,4,21,34,51,97,17,70,19,9,10,10,67,44,52,45,62,100,1,21,56,36,37,75,97,68,45,25,84,46,1,28,95,48,31,91,68,23,48,91,8,19,39,56,9,29,58,15,82,69,98,57,51,33,76,97,50,82,18,5,100,64,1,60,96,95,53,16,34,93,53,68,64,71,85,75,8,67,60,20,33,13,47,45,37,28,1,99,81,85,4824
64,44,27,40,71,90,42,33,71,66,62,96,80,47,97,31,84,82,92,9,76,84,73,23,16,41,39,26,34,46,1,78,93,94,24,68,12,87,36,83,3,50,81,66,81,67,54,98,21,95,99,44,97,9,1,90,78,9,33,30,37,78,92,28,77,73,8,19,61,67,21,98,23,95,3,59,4,34,85,91,72,45,23,53,49,67,55,90,7,27,61,24,65,71,36,43,64,55,19,34,5381
35,48,8,13,61,52,7,56,23,59,90,47,98,61,81,80,23,46,34,74,4,71,75,78,69,70,2,44,37,12,45,86,86,9,11,26,70,48,7,78,23,88,61,20,90,11,61,41,83,85,26,64,95,13,12,10,21,24,84,43,25,22,80,5,100,48,70,5,50,30,95,15,81,33,43,43,60,66,60,81,5,99,49,93,15,28,83,59,94,26,97,31,88,69,74,75,88,83,18,4,5069
75,91,86,51,89,92,73,4,74,39,10,10,8,34,33,17,48,45,21,60,66,57,1,90,87,71,40,3,59,8,9,9,31,23,7,80,86,43,40,72,63,22,48,49,51,51,90,41,89,37,34,57,4,21,98,16,86,83,17,78,80,8,23,17,57,69,21,2,20,87,36,86,32,8,62,15,36,85,45,45,22,40,98,72,20,65,63,24,82,15,9,20,27,16,28,30,22,38,66,15,4483
38,95,72,93,46,8,26,57,49,96,58,22,16,81,89,7,60,80,42,96,50,42,67,65,59,62,80,100,85,49,60,12,48,62,27,60,31,63,59,9,86,67,13,72,73,67,60,35,3,73,97,65,70,71,9,43,27,97,30,43,85,16,72,93,10,3,10,55,58,67,50,12,49,18,14,93,64,23,80,52,9,67,62,40,13,95,54,86,11,99,64,86,25,11,28,52,21,15,74,48,5206
98,2,21,11,74,73,77,43,19,1,72,80,4,67,62,8,8,23,98,1,13,58,21,82,48,6,87,74,96,89,24,85,64,63,31,88,19,34,38,24,91,94,24,97,23,62,49,45,58,23,25,78,32,8,79,65,85,12,51,21,92,69,58,15,36,42,16,55,17,62,77,57,81,45,22,66,83,47,59,6,65,73,46,100,64,25,12,49,21,24,22,3,67,3,51,67,55,99,31,58,4848
43,35,67,57,88,5,64,62,90,77,32,5,37,71,93,56,99,72,10,24,26,82,8,87,84,67,68,40,100,16,57,88,46,10,58,29,24,80,75,39,70,79,7,53,4,45,34,54,76,8,35,5,69,39,40,12,42,73,23,45,31,21,55,30,73,6,83,13,55,5,11,49,91,11,68,97,73,84,94,90,71,40,62,14,41,30,25,38,80,44,29,11,38,31,67,45,38,63,8,67,4866
6,88,34,17,16,50,21,67,41,96,8,42,9,38,46,5,33,35,85,90,17,55,55,58,30,92,16,60,1,52,46,96,59,82,44,82,7,79,72,64,13,53,55,100,77,33,39,91,85,72,3,36,48,66,27,14,52,73,15,73,32,6,25,65,59,82,29,90,44,66,30,82,31,9,6,54,84,22,68,73,62,27,98,82,99,36,93,33,68,35,18,46,99,66,91,8,93,60,23,41,5054
71,47,75,53,60,53,60,17,73,70,96,75,75,2,92,40,13,83,53,96,49,90,16,41,31,96,49,89,52,39,21,82,1,30,89,62,37,74,32,85,29,84,30,26,90,96,44,17,1,48,59,19,98,33,59,74,83,21,19,8,7,92,52,1,14,44,72,29,66,75,26,8,60,21,86,78,41,70,71,99,7,29,36,93,24,61,41,64,74,45,23,34,35,26,28,92,51,1,31,63,5077
56,59,24,1,15,35,67,20,21,38,32,85,9,92,14,77,15,1,89,63,27,28,66,95,54,85,27,38,93,56,46,93,40,3,31,76,37,48,3,2,2,86,16,16,71,44,22,33,71,6,89,51,34,16,2,27,23,50,80,73,24,54,39,98,29,53,73,48,93,19,27,34,70,45,56,93,18,1,76,42,82,100,26,70,58,90,21,15,26,14,10,26,56,71,4,50,56,56,61,56,4513
75,4,88,6,7,74,62,91,61,52,51,11,98,94,40,81,35,94,56,78,90,91,48,41,63,71,80,55,79,66,82,64,46,7,24,8,97,99,32,53,57,10,45,45,80,39,37,27,91,27,32,65,3,45,81,34,14,3,23,29,89,18,16,70,5,79,35,27,55,17,97,72,80,46,48,82,37,50,71,47,99,2,93,20,40,57,9,89,51,62,38,15,46,58,43,88,71,11,5,18,5097
15,65,5,17,60,74,75,7,34,88,35,56,81,10,38,50,71,20,42,41,57,65,19,46,18,62,27,89,28,1,55,73,50,59,6,79,26,10,57,80,46,22,45,7,75,39,38,97,90,67,53,41,7,40,57,86,33,78,64,41,76,50,61,4,99,19,87,44,80,27,43,95,82,42,62,73,22,12,86,34,53,24,24,6,71,15,91,40,85,38,13,7,25,44,85,38,84,81,26,59,4824
70,52,94,37,2,9,30,18,4,40,75,88,2,29,80,79,20,71,14,88,32,9,19,39,72,40,32,68,70,35,46,87,8,31,67,58,69,87,47,51,47,7,17,5,81,59,40,11,21,95,81,1,65,37,63,92,93,23,70,4,100,58,85,64,97,33,91,67,98,48,30,56,2,46,41,49,10,8,49,75,24,68,38,84,78,42,18,34,81,100,31,81,24,3,93,65,90,50,33,7,4932
19,64,4,98,95,88,85,86,89,27,83,89,73,22,5,21,72,81,85,88,69,18,12,89,70,59,24,88,41,24,13,13,94,74,66,33,30,62,19,23,3,37,35,49,96,72,61,36,41,81,73,51,29,23,43,1,62,74,39,51,15,86,36,63,66,20,87,90,11,67,30,80,87,63,33,9,31,41,59,55,68,53,56,22,29,27,16,48,25,83,48,75,56,27,23,67,54,55,5,33,5051
99,100,73,65,82,88,21,41,24,55,68,46,75,1,42,25,95,56,33,70,38,57,70,26,56,24,70,59,20,80,1,35,92,30,92,31,58,34,48,60,66,7,84,89,53,81,38,73,35,68,63,35,86,30,5,100,88,33,27,34,30,69,32,95,69,34,74,14,47,82,8,68,18,35,60,8,87,51,30,7,31,47,1,71,66,33,68,10,72,27,1,92,5,80,64,51,54,4,43,51,5024
62,20,45,92,13,55,74,92,51,61,85,19,80,91,76,8,8,98,58,57,13,47,95,28,76,58,94,92,42,91,67,41,90,93,67,43,80,21,98,74,25,58,41,36,77,86,45,41,71,46,36,58,69,17,90,16,69,95,30,9,30,68,90,34,63,56,9,82,1,32,82,51,50,20,98,67,32,71,40,49,63,99,99,66,68,97,88,78,21,27,75,16,25,100,84,43,19,95,83,52,5793
88,9,7,18,20,74,94,33,6,50,46,75,73,1,8,48,52,42,89,59,87,78,34,61,93,83,9,18,62,65,53,34,19,2,8,85,77,15,37,28,62,13,60,93,65,44,74,30,6,73,92,13,28,50,56,65,25,31,68,59,70,58,37,15,99,12,59,42,30,20,80,37,85,35,27,2,33,36,64,76,76,46,6,76,76,71,44,19,6,91,90,39,46,27,48,1,1,82,59,38,4706
1,19,11,47,60,5,82,52,44,63,33,89,9,82,48,70,36,22,51,34,54,43,9,65,8,32,90,87,27,97,40,37,45,91,5,16,56,9,31,1,34,99,8,42,1,93,74,39,57,14,44,12,53,2,63,21,12,95,16,22,34,84,43,60,34,35,3,23,26,23,91,60,74,58,24,91,50,54,44,3,21,42,97,61,1,48,18,21,8,34,95,66,31,54,55,63,99,57,55,54,4396
81,64,49,49,93,36,45,40,76,8,27,17,25,6,52,79,22,75,69,61,58,17,19,48,1,48,6,79,4,9,42,59,22,6,14,85,81,12,60,74,38,46,33,49,68,46,49,33,89,51,20,95,93,39,100,49,27,87,31,42,84,75,100,41,15,10,54,36,36,55,66,23,59,98,69,14,61,23,29,88,38,82,66,44,87,94,29,5,54,25,31,39,15,28,92,72,48,50,98,75,4911
7,42,3,42,32,15,94,51,81,99,17,59,89,68,81,81,96,2,19,58,51,51,89,27,83,60,57,4,26,54,88,97,24,18,5,76,20,71,91,84,94,81,59,76,2,82,16,25,45,32,64,36,23,59,93,18,75,89,39,27,87,54,13,79,52,3,78,87,83,84,26,26,27,24,39,35,83,78,71,25,8,46,91,3,82,32,10,31,86,25,73,50,35,53,21,90,93,34,8,79,5151
67,37,52,17,12,90,19,79,32,82,44,66,79,44,72,8,41,38,69,30,58,23,79,10,67,19,60,87,66,5,13,43,31,21,4,97,40,15,45,96,43,5,2,7,24,51,58,37,97,27,82,61,94,72,99,35,7,32,87,85,67,6,45,29,57,68,36,63,77,84,97,37,46,44,4,80,3,22,32,86,96,19,54,39,90,94,98,96,77,3,56,99,64,9,72,51,18,50,11,9,4950
67,91,40,76,58,58,3,46,2,5,15,53,19,5,55,86,55,48,19,61,25,98,42,19,2,37,13,14,37,24,91,87,34,2,26,25,28,65,44,89,85,69,79,44,7,50,96,71,71,27,7,78,94,54,12,66,74,91,60,58,32,46,7,4,67,74,66,16,38,5,97,56,65,35,84,100,36,28,45,98,91,9,4,57,28,40,6,52,29,68,19,33,80,50,81,97,37,31,15,84,4767
87,4,59,57,58,35,10,30,71,51,72,54,58,29,57,32,70,24,92,62,48,97,82,31,47,47,55,86,24,62,99,38,60,41,90,36,32,38,45,17,46,34,54,99,11,70,90,12,89,62,91,58,48,89,43,15,60,97,2,95,6,55,34,88,93,33,72,78,13,98,91,13,68,52,75,33,61,88,14,96,83,41,8,22,86,12,15,84,90,79,43,94,50,36,91,87,91,27,36,78,5566
93,45,91,19,89,31,59,35,35,77,78,45,16,95,36,48,18,42,98,21,48,83,9,90,32,2,100,48,56,73,22,6,66,3,9,63,18,77,22,8,38,96,71,67,34,35,82,28,72,86,71,58,57,65,57,55,15,3,84,4,86,68,35,86,95,68,22,11,73,61,60,4,73,71,59,74,7,89,51,34,65,61,16,89,33,79,50,20,25,61,73,74,74,74,81,86,62,98,65,30,5327
15,15,7,98,16,59,26,1,17,74,55,27,63,25,72,49,38,78,5,17,58,78,95,10,29,94,51,18,18,94,64,24,91,23,93,94,10,15,77,22,26,31,36,16,70,21,14,15,18,11,33,37,63,41,2,82,1,42,25,2,100,14,28,50,94,1,1,1,54,5,26,21,80,70,80,87,13,100,39,15,84,34,73,35,7,43,41,96,71,82,15,75,27,33,32,70,49,87,72,50,4356
54,6,48,70,8,31,30,6,42,41,11,35,73,79,47,75,84,25,13,61,26,1,30,74,94,44,27,60,19,47,70,34,94,88,51,72,43,19,1,87,69,63,18,76,39,63,80,75,70,27,83,80,50,7,91,82,55,2,50,35,46,57,22,12,84,93,89,54,36,77,21,90,86,51,53,91,35,49,24,22,59,28,23,23,65,61,6,33,98,59,97,67,18,44,47,92,40,40,38,76,5041
38,12,1,33,47,48,27,74,45,59,30,88,62,10,25,43,64,10,36,31,41,29,93,36,21,37,6,37,49,44,48,26,79,26,61,60,33,36,4,90,81,46,93,55,22,69,28,89,36,13,51,13,35,14,92,93,38,22,56,24,60,58,9,98,52,7,15,57,35,67,99,13,72,68,42,93,33,62,73,23,7,98,25,87,14,31,47,1,1,51,40,75,57,27,45,66,98,11,32,24,4482
61,58,75,51,4,91,26,62,77,93,82,44,2,51,99,62,34,40,86,78,60,87,56,1,34,80,5,44,89,82,55,41,1,86,61,55,16,90,99,39,8,38,21,23,10,69,92,58,69,60,39,66,38,44,16,79,70,24,92,19,77,75,4,17,44,80,5,13,70,42,30,35,77,14,30,74,14,54,65,21,5,2,17,96,44,26,63,37,30,5,76,51,50,34,15,93,63,21,100,64,4925
72,7,39,77,5,27,56,88,25,50,34,9,24,30,6,3,93,97,44,95,84,61,25,60,73,60,55,41,52,1,43,19,90,5,5,5,62,97,81,59,42,94,16,3,72,45,61,28,47,60,30,18,92,72,84,96,4,75,36,90,90,51,16,7,36,13,99,33,55,54,74,96,86,9,89,74,72,28,37,96,41,23,97,37,9,35,45,69,50,23,13,22,16,42,78,32,42,96,21,93,4923
93,90,48,39,55,45,55,6,31,15,4,93,86,31,64,12,58,28,42,51,68,42,4,99,45,79,9,16,24,91,60,41,31,37,49,17,45,94,81,59,48,30,100,62,61,8,28,51,46,4,3,40,19,8,53,84,49,67,78,1,27,88,42,65,27,32,14,12,9,34,83,13,35,100,82,21,69,90,15,14,61,19,70,83,5,23,5,14,59,26,84,45,91,53,33,3,31,86,92,18,4550
81,1,38,34,27,16,81,30,7,34,55,70,95,20,28,37,22,53,80,46,28,25,67,16,100,26,68,78,4,21,46,15,24,81,52,44,93,42,39,93,83,88,24,39,43,18,55,98,38,2,44,65,79,8,68,33,87,14,53,71,18,54,75,85,95,6,100,72,83,22,98,86,44,48,36,8,8,47,88,70,75,58,39,91,63,48,92,20,8,21,94,81,88,5,75,28,90,15,65,10,5036
8,24,17,12,49,16,44,73,56,82,86,52,98,11,55,59,35,25,29,25,85,52,45,3,76,29,57,1,12,88,80,41,36,61,36,22,36,23,92,40,89,11,73,15,64,64,3,99,76,78,62,31,68,67,48,100,48,30,54,61,56,45,17,18,70,44,72,100,28,94,51,25,38,54,51,3,40,99,49,4,3,84,95,25,66,31,13,59,74,86,59,10,100,23,14,2,97,45,60,37,4853
94,21,92,46,70,87,95,43,94,42,27,18,17,96,50,65,84,51,69,28,13,1,82,59,1,67,12,23,7,18,28,4,91,28,8,10,98,35,100,46,58,89,54,41,8,95,46,21,46,85,16,44,95,81,7,64,53,8,26,81,50,62,19,75,83,96,93,98,48,63,22,70,83,84,87,86,48,68,45,35,64,58,66,37,96,50,27,83,94,85,34,77,5,56,50,83,99,69,13,27,5426
45,85,19,18,94,97,14,91,20,50,13,32,90,14,35,80,2,8,8,23,71,94,12,17,50,21,26,4,58,44,61,100,48,20,36,88,37,99,99,86,12,75,11,44,74,60,9,80,23,67,81,23,82,76,72,96,79,24,5,67,50,39,58,61,45,57,81,41,57,55,17,42,22,13,88,69,83,42,46,82,33,41,9,22,6,77,16,20,93,28,85,72,15,30,62,1,27,72,10,52,4788
88,12,89,84,65,64,21,58,94,74,44,99,49,80,87,31,86,14,2,52,80,90,53,3,65,26,53,36,18,25,50,62,5,71,42,65,98,32,91,27,77,9,84,58,83,12,42,60,30,34,3,93,39,98,57,29,20,26,33,6,79,78,98,78,27,65,14,90,52,29,90,52,78,52,17,18,66,85,42,59,7,41,10,2,54,31,69,65,98,69,53,92,12,3,81,2,43,1,7,48,5035
28,83,29,10,90,52,42,72,38,53,4,42,39,8,42,10,92,80,65,50,7,70,83,3,83,35,27,81,56,31,29,40,52,9,20,93,4,56,92,100,91,49,46,7,93,40,74,23,73,12,32,17,40,10,41,65,11,46,6,77,35,60,24,57,6,80,70,9,78,52,9,20,48,19,26,35,63,38,19,20,51,72,79,46,56,79,33,47,59,47,8,41,84,25,80,27,94,34,52,35,4570
60,84,57,17,4,19,52,45,70,62,37,23,79,77,95,5,48,95,85,18,36,53,38,83,71,14,12,32,96,39,36,97,61,36,39,43,32,12,38,92,58,95,96,35,81,79,40,60,14,68,95,50,82,2,32,80,15,36,43,24,23,16,78,14,84,93,25,79,51,98,60,69,61,47,23,53,78,95,3,96,63,74,84,74,26,100,27,5,16,2,24,22,82,6,29,51,83,4,46,34,5075
4,70,35,72,54,12,62,7,88,23,30,35,5,81,81,38,33,43,61,83,25,61,67,9,55,51,88,90,83,95,87,21,58,37,55,84,18,34,99,55,8,88,30,23,84,24,82,74,19,1,85,74,91,69,78,30,42,60,5,50,26,4,73,97,53,44,54,24,73,3,86,25,27,33,67,45,2,66,34,39,100,67,37,88,67,54,19,32,17,63,77,20,17,93,84,76,22,7,56,48,5025
40,89,67,40,2,13,27,21,9,1,19,15,95,19,98,43,40,28,30,1,19,62,93,90,55,59,6,39,59,96,54,25,80,56,76,24,17,37,57,91,20,79,62,67,5,94,69,55,87,95,6,32,54,34,15,69,39,68,70,98,28,48,6,18,59,31,84,73,14,20,73,75,74,1,98,6,39,3,77,10,23,36,15,57,4,69,26,83,79,80,20,45,55,52,9,64,53,23,23,81,4644
78,60,50,40,26,85,13,75,71,13,64,10,13,21,29,65,87,62,1,66,56,45,30,62,21,68,50,89,98,22,88,52,78,35,27,37,17,85,39,40,40,64,60,8,2,26,81,80,59,36,89,5,57,75,75,66,80,33,24,66,40,30,27,14,38,27,1,99,88,48,16,35,20,69,83,17,53,88,1,83,7,66,10,40,28,95,97,69,100,70,1,99,95,85,77,13,13,54,40,94,5024
28,52,46,93,95,40,85,15,81,42,12,85,77,52,82,19,70,48,52,52,85,98,10,22,30,71,95,16,11,7,46,87,39,41,41,82,72,61,82,75,88,84,98,45,95,24,77,12,41,69,73,28,76,21,34,28,50,47,43,37,27,81,71,80,8,28,28,50,22,62,33,75,34,43,25,31,90,55,48,32,72,18,80,63,89,42,84,62,22,2,84,7,59,21,91,32,96,12,47,64,5237
9,46,11,74,6,95,76,23,30,56,61,27,49,14,55,33,61,100,97,29,9,100,26,45,27,77,49,77,36,94,78,21,83,75,30,79,96,87,67,25,46,11,78,40,13,40,83,62,7,52,29,97,28,75,28,42,26,15,22,87,86,15,80,4,42,50,100,10,53,77,41,19,80,6,83,87,99,72,40,31,19,11,28,35,17,16,90,94,72,23,83,61,9,15,82,22,21,46,14,88,4935
89,33,82,3,70,52,17,85,8,32,65,79,43,49,52,64,28,62,93,15,33,39,79,63,60,3,61,92,99,42,7,21,82,2,67,67,50,99,35,54,83,92,30,21,97,57,73,98,71,87,82,62,97,35,98,99,51,19,73,96,24,61,4,61,77,22,57,81,10,67,4,26,88,53,72,42,20,35,35,27,8,24,78,84,91,30,19,76,40,35,80,7,93,53,57,90,48,98,30,26,5430
86,51,87,57,63,15,96,91,20,34,88,79,28,33,18,77,7,9,100,91,37,96,49,11,28,27,11,36,53,69,67,81,9,45,99,13,17,100,82,5,63,78,64,41,97,64,52,47,91,93,100,87,81,89,70,48,97,92,86,24,91,94,48,50,70,59,96,42,25,99,17,8,67,85,30,83,39,56,6,15,4,49,80,73,49,36,67,9,26,31,13,44,47,67,65,40,15,72,28,52,5476
92,5,27,99,58,46,7,70,10,32,38,1,40,1,68,5,84,11,57,62,96,17,69,26,24,83,56,24,25,69,4,83,73,84,55,12,67,68,41,62,45,55,84,50,53,41,17,5,55,2,21,43,55,95,16,85,17,19,2,82,35,7,26,3,24,58,96,1,93,82,9,53,17,97,81,37,33,22,42,66,46,83,23,21,72,67,37,83,14,35,56,46,86,59,22,99,41,42,90,62,4659
100,24,49,68,76,48,49,86,55,42,96,5,49,45,33,13,68,67,84,95,54,23,2,14,98,85,83,49,76,79,94,90,69,19,3,65,3,84,29,9,38,2,100,18,77,17,23,6,70,54,57,68,39,6,63,23,84,38,24,83,76,40,29,74,36,30,96,42,80,69,1,61,1,70,10,60,66,34,95,8,94,78,41,1,36,95,56,27,13,97,93,71,37,81,45,93,81,48,23,20,5178
94,2,11,55,76,94,32,73,60,93,19,3,17,94,9,20,13,74,62,14,28,79,25,87,53,32,20,85,63,90,36,73,24,10,37,73,83,85,60,57,4,95,25,100,35,98,54,82,10,94,49,35,18,21,43,63,55,92,76,4,67,70,82,88,19,26,53,54,12,45,52,71,2,99,8,93,38,39,25,41,40,27,85,14,10,42,30,49,71,36,49,21,76,67,40,83,91,94,93,31,5101
92,84,91,90,72,64,38,73,47,62,54,35,37,25,94,80,90,78,3,58,55,93,63,24,34,27,29,48,93,24,59,18,32,97,63,90,41,37,23,58,71,2,45,62,61,94,46,97,70,14,40,90,84,90,99,89,39,100,20,82,99,16,2,46,40,40,82,18,50,67,66,56,96,92,44,17,96,65,55,36,30,86,16,26,62,77,48,34,10,20,61,92,88,94,69,41,61,8,22,77,5675
90,43,7,69,63,91,4,42,93,18,86,92,7,97,60,85,26,68,3,79,65,23,72,7,63,48,33,37,92,78,41,33,35,78,75,48,25,43,95,95,40,76,65,29,3,76,38,84,94,16,39,83,6,94,13,46,17,5,98,73,21,15,82,38,93,94,74,54,99,10,40,64,94,8,70,5,34,88,26,36,20,4,64,54,12,68,89,82,85,41,8,27,81,89,73,27,89,54,33,36,5285
65,64,33,49,56,11,62,7,67,32,58,85,13,50,63,88,99,2,95,6,83,56,23,22,46,6,55,64,78,45,38,20,40,95,39,56,41,75,93,16,70,58,94,18,85,85,70,48,32,35,63,88,86,4,83,54,10,40,62,65,14,5,84,89,16,86,19,89,55,14,17,40,5,82,82,64,24,5,60,16,9,44,53,42,55,43,38,92,74,18,58,22,65,45,70,49,100,29,93,36,5047
76,6,99,1,29,63,59,60,51,67,61,60,44,37,88,61,12,33,57,23,89,61,75,71,92,30,10,92,89,56,82,59,39,76,35,90,21,24,21,10,39,57,50,23,90,7,90,26,19,79,33,20,57,37,66,30,58,40,61,43,54,18,78,98,91,92,100,96,34,88,93,31,60,69,45,62,43,97,68,79,86,15,55,6,97,10,56,48,87,59,89,15,38,1,27,36,64,42,65,42,5368
26,42,90,75,78,66,42,3,33,50,7,19,2,12,4,23,64,83,31,4,31,66,54,58,73,36,36,70,13,63,95,76,32,4,67,23,56,3,12,46,12,23,11,48,23,28,6,14,63,69,93,90,81,36,80,89,11,5,49,88,84,91,18,77,100,2,66,26,34,96,73,98,8,22,2,22,6,47,18,28,73,93,53,60,53,33,33,86,12,85,49,5,3,47,28,82,88,29,43,95,4555
1,63,86,75,43,63,32,87,29,29,51,65,94,96,64,30,20,85,99,33,32,70,64,13,44,65,93,73,6,70,62,36,18,19,69,73,68,88,2,61,68,31,57,43,78,73,47,32,47,26,56,44,35,14,96,68,2,61,78,35,73,89,53,54,67,94,89,75,26,85,45,33,49,56,45,22,91,82,74,44,49,10,56,14,43,72,84,95,17,57,13,39,94,67,88,1,41,62,4,25,5339
29,72,23,75,15,20,9,36,8,34,9,42,25,71,28,7,10,41,91,4,91,91,60,64,27,45,31,97,94,64,96,81,72,81,89,86,8,33,82,84,20,25,34,96,30,54,7,76,2,3,53,99,75,30,45,49,31,36,49,12,97,33,61,14,45,54,31,24,11,42,67,93,72,67,18,98,96,22,81,60,58,28,99,74,69,49,46,46,59,69,48,91,56,51,5,52,4,85,65,93,5084
2,58,29,34,93,90,81,73,53,80,70,54,100,15,64,68,79,18,68,43,100,56,93,65,74,45,31,81,82,7,23,23,47,96,83,67,15,29,53,22,7,78,74,66,96,77,49,60,74,38,56,29,54,85,26,53,24,82,93,5,48,32,31,22,48,23,66,41,1,20,41,79,54,86,7,29,48,80,47,67,56,25,55,71,12,14,49,72,50,55,78,16,80,8,26,25,68,25,77,55,5177
26,92,60,55,10,27,20,33,59,26,40,63,78,93,15,95,21,58,64,62,21,49,30,96,74,84,13,66,36,40,13,80,66,67,50,7,40,53,17,44,56,46,55,39,49,55,56,64,92,38,2,18,80,48,63,57,39,52,86,40,4,11,69,54,43,67,19,84,58,7,44,15,7,55,36,22,22,84,48,53,80,54,42,71,29,95,48,72,55,58,93,24,22,66,1,25,58,46,96,58,4873
1,21,36,78,43,72,84,9,81,82,17,49,11,53,16,37,23,95,87,4,10,98,34,13,39,76,87,37,79,77,52,47,20,17,59,49,78,39,17,56,8,92,26,36,26,99,15,96,7,21,71,26,7,84,24,55,83,46,41,56,3,34,17,50,94,55,18,4,98,36,63,33,33,87,48,86,48,87,9,59,30,31,68,86,22,60,37,30,69,13,76,44,96,48,14,35,85,4,16,32,4660
47,53,92,19,40,73,45,12,86,11,28,72,2,54,17,99,29,76,84,82,62,52,50,43,92,29,41,42,75,33,61,27,63,84,64,41,96,65,19,7,77,4,46,42,27,59,23,28,18,37,79,84,66,4,2,17,50,58,62,31,31,44,76,79,42,31,39,15,82,23,7,1,14,76,17,61,99,30,84,66,55,21,86,80,48,70,65,66,41,71,35,70,47,70,41,90,28,99,36,92,5009
99,42,50,98,11,59,9,83,2,78,79,87,1,68,52,6,68,20,13,25,23,20,11,26,98,51,13,98,41,19,77,38,22,80,72,47,54,100,7,31,78,28,68,12,43,77,90,90,68,23,5,85,82,15,5,5,29,38,65,16,2,67,95,94,4,7,10,44,62,35,79,7,80,51,44,85,39,24,32,75,14,40,61,1,14,42,98,22,82,36,75,26,48,22,70,93,26,94,42,55,4697
86,16,93,78,56,29,89,26,14,97,48,80,96,80,68,34,57,81,45,46,64,87,97,50,52,49,67,27,44,42,32,9,98,9,83,59,50,13,11,7,95,7,89,93,94,94,82,4,86,68,11,2,6,38,31,1,48,7,88,38,37,87,32,23,40,43,52,26,14,49,78,7,91,11,25,45,11,18,50,73,8,93,30,72,69,63,89,94,24,21,32,24,8,62,84,34,23,46,56,76,4971
92,91,24,53,36,29,39,10,88,79,83,53,71,29,22,10,9,81,76,43,36,57,95,5,95,44,32,54,29,6,30,95,21,60,39,49,18,77,82,29,48,3,67,17,84,93,21,35,22,48,2,32,86,4,26,4,48,10,53,40,88,28,21,69,4,82,11,49,38,26,95,99,45,8,49,50,56,63,21,45,56,19,17,35,61,99,74,78,98,12,16,34,74,74,43,34,4,63,57,23,4632
30,82,22,82,36,100,75,85,88,74,5,7,61,30,99,53,8,4,20,87,87,9,9,86,42,58,53,35,11,70,92,12,71,7,26,47,47,44,44,22,29,36,10,63,20,56,81,34,3,17,30,79,23,14,58,17,89,92,63,70,34,53,85,34,27,39,62,74,47,24,43,66,59,80,35,21,5,69,69,100,12,21,63,82,47,5,47,73,37,32,55,25,76,94,57,35,70,38,67,15,4781
66,28,27,99,44,65,21,92,89,53,98,22,25,91,1,99,24,98,20,24,75,38,53,70,43,63,35,64,94,46,96,86,80,15,64,16,7,23,62,76,48,67,85,37,43,23,35,88,75,65,41,77,16,17,73,89,80,9,68,20,98,98,40,74,14,72,90,46,61,94,72,91,86,65,83,41,15,8,81,74,91,10,60,10,92,28,53,68,62,86,56,2,44,50,28,32,74,54,13,63,5527
85,12,67,30,13,98,69,7,59,81,66,47,21,4,85,41,62,40,12,41,89,50,47,2,62,1,5,3,12,94,61,92,54,73,21,83,40,27,63,92,33,75,46,29,41,75,34,100,75,28,67,79,10,99,55,70,97,77,26,58,1,83,55,6,46,11,80,13,32,3,81,32,40,55,23,61,50,42,58,19,8,63,76,29,91,25,7,85,9,26,72,40,80,46,20,53,34,34,19,19,4712
8,65,11,23,79,91,30,81,57,82,77,100,84,31,39,32,36,43,42,76,90,95,52,23,96,70,51,51,73,32,64,54,87,71,56,19,85,89,33,36,39,61,1,40,44,26,22,50,48,98,36,63,73,62,68,7,78,68,70,13,57,72,23,53,81,60,67,5,63,30,100,17,30,69,74,50,10,70,71,71,58,31,23,73,67,12,38,97,39,75,16,20,69,73,14,55,48,47,38,63,5310
62,55,25,84,78,17,24,25,38,29,9,57,25,59,34,93,35,60,79,67,84,52,45,83,80,48,65,51,83,26,28,29,24,25,89,24,88,78,45,51,51,57,90,80,25,74,80,70,24,46,22,49,74,42,19,4,20,20,4,49,88,35,57,85,72,75,19,80,57,43,66,67,26,76,63,65,51,69,86,25,82,8,58,4,81,56,47,31,68,40,69,75,59,29,63,40,92,38,63,100,5261
19,45,79,18,6,42,67,91,83,18,2,61,80,95,86,23,9,48,40,98,16,50,56,29,28,79,42,46,19,71,16,52,78,48,74,74,36,22,47,81,68,31,69,75,17,62,11,39,24,94,29,68,94,55,23,3,85,80,96,48,77,21,97,38,86,58,83,90,31,25,54,31,41,70,84,30,86,100,36,67,22,29,93,46,1,76,9,34,64,63,92,30,28,96,44,88,59,88,20,67,5299
59,92,79,56,52,96,2,81,20,100,49,82,26,60,55,6,77,78,79,93,9,53,91,94,69,91,38,98,11,37,2,21,100,93,8,60,28,66,35,63,46,62,75,95,59,35,15,62,33,28,30,61,35,63,78,60,4,39,21,61,95,55,57,87,22,30,22,38,43,12,59,22,38,16,21,66,13,4,13,31,39,98,18,43,42,99,49,32,65,100,3,48,5,50,13,72,51,90,40,17,4989
6,85,8,97,69,21,91,99,80,48,25,55,33,87,82,75,35,57,82,27,68,88,53,84,44,83,7,40,99,69,11,30,2,36,20,45,38,9,76,53,85,41,95,86,17,53,53,36,40,76,42,41,90,51,89,89,46,85,56,82,10,7,8,86,48,90,89,72,81,75,15,80,47,24,20,44,7,28,15,16,89,16,73,99,66,70,52,42,37,5,73,67,21,66,16,14,96,63,78,87,5362
37,86,33,59,93,7,36,99,68,87,39,1,66,92,8,3,85,27,35,44,1,19,2,37,98,3,80,44,16,57,7,80,33,18,80,89,21,92,10,80,70,22,29,68,49,73,33,65,86,10,26,14,13,1,82,57,4,3,100,36,19,55,68,46,29,11,44,12,65,73,99,39,40,18,97,3,40,23,85,91,69,19,11,56,57,32,34,65,96,48,93,45,86,73,9,57,49,61,42,80,4752
78,11,100,30,75,39,93,86,74,56,22,13,53,94,50,85,15,48,60,56,8,2,5,78,74,48,34,10,13,12,68,40,25,23,36,98,9,17,5,76,7,14,99,10,37,66,73,92,62,94,75,35,28,48,17,54,59,82,45,55,17,43,37,39,23,14,33,16,21,88,47,5,34,62,31,1,14,98,3,54,62,60,31,26,32,70,68,30,7,100,48,96,50,14,12,60,37,25,46,24,4449
68,50,50,71,64,20,41,1,80,99,5,72,30,59,87,10,15,52,34,84,66,98,63,59,82,30,67,45,98,2,19,67,93,95,61,19,26,15,96,95,99,48,71,70,100,83,83,84,55,18,14,45,15,63,25,79,44,96,47,12,49,66,36,97,36,92,57,35,87,12,36,94,82,3,4,79,54,11,43,56,22,62,50,12,66,99,15,81,36,44,91,24,68,78,70,55,27,19,80,99,5466
73,17,22,77,49,48,66,73,71,11,25,93,11,99,75,22,95,16,49,29,86,74,67,27,53,29,53,48,18,48,74,62,98,81,86,68,41,24,41,6,57,18,72,46,4,82,51,92,80,64,94,45,87,29,81,66,55,75,95,52,4,47,42,82,38,91,24,47,83,51,1,49,90,46,94,91,12,20,4,100,77,85,20,99,50,98,1,42,60,64,10,6,13,44,49,20,17,98,32,44,5295
39,90,12,100,73,84,21,1,56,34,32,42,43,93,98,17,74,100,27,97,21,73,46,27,24,79,59,79,38,8,90,56,36,71,54,31,89,71,87,16,79,40,7,71,20,70,57,35,17,75,2,79,94,16,47,1,95,20,27,2,52,3,48,58,15,64,17,28,96,94,8,98,44,88,25,83,49,58,37,84,30,49,6,99,89,62,93,75,1,46,67,7,31,20,100,13,42,42,84,81,5128
46,24,66,17,16,14,37,67,37,64,63,52,47,19,90,98,76,23,29,54,66,19,65,32,75,21,48,63,18,74,17,44,19,40,99,98,66,84,65,70,25,4,96,12,15,90,12,9,84,54,30,73,17,99,56,40,95,80,86,26,97,44,72,100,76,98,7,32,95,82,69,51,1,70,11,83,88,44,15,51,89,99,100,75,56,14,57,98,37,89,55,30,46,84,54,69,92,58,22,94,5529
98,81,52,39,6,99,61,98,4,75,23,37,83,4,29,66,28,93,12,5,6,26,26,80,33,40,19,99,19,92,11,16,4,74,21,84,33,77,12,38,97,30,19,58,57,75,90,58,53,97,48,92,67,40,63,14,59,78,19,9,85,71,91,17,95,91,17,30,5,37,86,79,3,25,36,62,67,45,19,21,34,85,91,43,12,96,25,56,99,3,85,58,49,32,6,78,62,31,83,60,4996
22,68,69,3,82,31,37,32,30,99,70,100,67,92,27,13,7,92,96,26,44,96,40,97,28,58,66,48,98,42,20,59,3,68,55,93,50,1,31,78,24,99,21,96,98,88,81,19,100,99,9,16,13,56,79,13,52,81,1,88,86,6,7,82,81,87,40,49,25,82,55,23,89,67,83,10,19,31,47,99,5,68,21,1,23,92,7,21,12,52,54,53,66,32,35,18,45,32,22,94,5092
81,4,24,76,58,57,76,6,13,31,38,40,1,40,92,32,7,61,89,17,66,86,5,86,4,74,95,82,2,70,71,32,35,26,72,16,95,29,83,1,46,4,60,3,26,43,47,7,43,3,5,52,83,9,34,1,20,78,46,12,1,27,61,79,28,59,59,3,2,73,49,93,25,35,57,15,58,81,92,9,81,92,63,42,83,89,66,35,22,69,98,60,72,16,38,43,99,21,5,91,4586
2,51,17,87,39,68,36,3,43,95,55,30,51,70,9,17,81,90,82,46,20,82,100,94,82,26,48,83,84,73,37,3,29,23,48,28,7,34,53,64,69,79,83,51,39,83,79,38,87,39,13,61,17,6,70,13,7,95,78,59,19,39,17,6,59,2,57,70,22,62,73,7,80,81,78,76,66,84,74,100,13,87,14,33,83,27,85,35,39,72,50,80,98,31,15,47,100,52,27,24,5140
64,57,50,46,12,66,31,75,62,33,8,83,45,52,37,81,4,85,36,5,99,98,48,47,23,10,86,42,59,27,73,11,16,53,49,54,74,34,63,38,54,76,29,28,28,13,6,9,87,69,63,99,74,36,40,39,37,99,27,68,24,45,26,19,7,88,51,70,56,71,92,14,18,6,58,75,32,66,94,57,57,84,52,41,5,66,9,17,79,33,56,46,22,25,72,32,57,99,41,9,4788
1,41,25,72,77,14,4,86,33,42,41,90,98,32,51,78,26,93,29,6,73,27,92,72,4,83,31,16,77,39,90,97,54,62,23,16,97,96,86,62,99,35,95,96,66,9,48,74,2,23,47,39,45,50,65,85,49,22,21,28,29,60,32,11,50,95,59,41,92,86,37,23,59,93,44,18,74,99,77,49,58,22,84,38,45,17,83,22,1,96,5,62,33,22,48,92,57,12,10,64,5133
34,40,94,58,78,36,2,73,49,85,8,25,10,9,82,56,39,83,73,42,46,28,36,7,76,37,80,11,62,42,45,27,2,3,14,86,39,55,87,4,73,74,60,94,78,33,43,10,60,78,59,66,2,84,34,16,23,86,98,93,35,85,12,91,24,24,95,66,55,33,90,68,46,28,94,21,55,20,80,70,66,61,80,15,1,27,34,28,30,8,64,45,77,97,81,85,92,54,86,93,5143
3,53,75,20,78,56,30,88,76,67,38,33,38,79,89,97,23,27,4,80,9,42,78,95,68,56,46,90,87,79,11,5,11,42,1,67,62,34,22,13,12,88,53,53,46,23,75,30,32,43,100,64,31,58,26,49,86,71,3,78,17,79,71,22,63,61,64,61,97,11,69,11,18,10,46,52,14,46,98,25,39,87,74,52,72,43,24,1,51,80,78,42,76,60,35,87,64,25,54,71,5043
31,83,90,5,77,58,70,6,83,46,96,90,75,67,54,86,83,27,1,77,19,9,1,44,64,47,30,21,2,45,22,43,28,45,67,55,54,38,79,54,63,15,11,73,62,37,43,23,63,80,31,10,61,56,79,7,77,3,90,39,26,54,53,23,89,91,90,57,4,32,97,23,17,6,83,40,24,53,4,27,74,93,69,48,73,86,8,68,99,43,87,8,59,4,39,32,93,53,22,73,4919
33,7,29,80,90,76,37,57,46,85,70,10,40,90,39,37,50,54,35,78,50,33,80,5,44,36,33,14,12,66,45,50,10,36,52,85,64,90,51,56,13,7,99,2,38,22,33,60,94,40,66,30,9,44,24,77,29,44,62,32,86,51,11,69,65,14,76,38,68,48,14,26,40,22,13,65,60,57,60,97,20,54,87,21,14,29,95,36,93,11,15,70,81,14,40,40,94,57,89,1,4721
5,89,37,51,92,39,81,89,70,89,51,9,9,12,75,97,41,39,89,8,95,72,25,12,37,11,27,62,90,63,92,36,73,19,21,94,84,59,49,30,90,5,92,84,63,89,19,96,5,26,85,58,43,73,34,52,37,67,55,42,48,11,19,92,6,63,86,23,94,97,48,86,16,98,18,57,55,96,30,13,61,97,28,22,92,21,31,51,45,53,72,69,95,56,54,99,94,62,14,31,5441
30,51,10,16,52,99,62,48,83,46,28,43,4,13,92,61,8,57,17,83,96,40,85,63,35,57,82,37,60,99,37,77,17,15,66,21,74,41,62,10,68,10,20,59,87,20,3,80,62,71,35,32,70,6,88,77,11,60,48,29,89,20,29,17,15,24,76,17,23,38,50,65,19,45,71,70,75,79,46,10,56,44,24,69,4,84,87,36,74,23,8,80,80,89,38,71,16,51,8,97,4830
12,86,92,89,59,8,87,50,11,55,97,50,51,62,37,66,12,85,6,79,8,6,55,35,97,3,65,66,17,84,87,78,51,8,31,86,2,26,70,22,33,35,6,4,24,66,98,67,26,7,81,8,92,53,27,27,96,39,16,21,34,26,57,85,41,53,85,2,47,91,7,23,54,69,2,4,20,12,80,35,93,83,67,53,42,77,40,31,32,84,19,36,12,66,77,53,6,57,39,76,4687
41,55,68,42,19,90,37,100,44,86,53,57,67,51,69,61,23,23,59,2,86,73,76,82,57,59,78,63,100,92,45,85,81,9,60,19,93,72,47,5,23,11,48,36,36,38,53,53,39,12,88,91,27,49,63,98,82,58,2,63,95,14,87,89,69,34,18,10,96,39,50,6,46,52,59,8,16,93,81,8,73,4,93,70,73,49,23,23,38,69,69,81,53,60,12,60,11,12,52,31,5225
17,59,2,14,44,33,12,89,16,73,98,30,48,3,82,70,15,27,69,71,42,43,89,54,4,38,12,24,12,27,55,1,88,38,86,72,86,4,25,57,38,95,99,96,81,8,98,53,7,76,28,15,20,83,5,72,67,58,2,20,54,25,78,21,65,42,15,83,4,68,89,67,14,25,87,19,87,42,33,67,78,43,4,27,37,92,48,83,3,19,26,39,18,88,31,91,27,94,93,57,4733
93,54,39,66,52,64,43,98,47,35,21,55,90,25,19,44,17,28,39,69,24,89,72,24,19,6,43,9,55,80,44,68,41,82,75,32,60,16,96,8,63,34,64,80,31,60,45,59,22,80,4,30,38,90,84,54,55,30,20,84,76,69,26,20,71,79,95,87,43,69,60,42,66,16,87,73,83,10,39,84,33,19,15,93,22,73,40,74,80,100,23,60,56,43,40,21,48,87,80,18,5188
19,74,84,90,17,48,85,82,67,7,98,62,2,87,56,90,17,94,69,69,94,81,6,38,1,85,100,15,24,43,41,26,14,40,92,32,14,47,30,31,42,98,64,80,94,23,71,62,96,37,70,21,98,70,28,96,8,26,37,69,95,48,72,76,81,45,99,28,1,32,61,6,75,44,6,28,93,85,52,91,79,32,35,36,52,91,92,48,2,57,42,63,7,86,41,54,10,50,36,38,5330
5152,4896,4651,5152,4954,5265,4933,5142,4880,5427,4744,4943,4843,5015,5448,4744,4463,5404,5261,4815,5015,5434,4830,4879,5240,4925,4766,5131,4878,4860,4886,4993,4716,4527,4776,5672,4651,5177,5104,5004,4886,4872,5365,4912,5123,5445,5029,5356,5057,5037,4845,5028,5405,4523,5015,4995,4730,4984,4746,4672,5125,4555,4734,5355,5203,4866,5390,4579,4973,5153,5332,4728,5033,4912,5001,5030,4627,5244,4976,5341,4964,5000,5207,5057,4774,5493,4650,5286,5046,4771,4975,4655,5217,4823,4895,5203,5651,5165,4657,5279,0
